DATE,ECOLE,A PREPARER,Supplement Humain
2025-11-03,november,83,0
2025-11-03,november,130,0
2025-11-03,november,73,0
2025-11-03,november,35,0
2025-11-03,november,229,0
2025-11-03,november,69,0
2025-11-03,november,77,0
2025-11-03,november,66,0
2025-11-03,november,119,0
2025-11-03,november,47,0
2025-11-03,november,50,0
2025-11-03,november,45,0
2025-11-03,november,207,0
2025-11-03,november,53,0
2025-11-03,november,89,0
2025-11-03,november,77,0
2025-11-03,november,85,0
2025-11-03,november,67,0
2025-11-03,november,79,0
2025-11-03,november,157,0
2025-11-03,november,96,0
2025-11-03,november,54,0
2025-11-03,november,81,0
2025-11-03,november,44,0
2025-11-03,november,127,0
2025-11-03,november,93,0
2025-11-03,november,169,0
2025-11-03,november,302,0
2025-11-03,november,147,0
2025-11-03,november,78,0
2025-11-03,november,156,0
2025-11-03,november,37,0
2025-11-03,november,115,0
2025-11-03,november,269,0
2025-11-03,november,106,0
2025-11-03,november,130,0
2025-11-03,november,158,0
2025-11-03,november,38,0
2025-11-03,november,68,0
2025-11-03,november,55,0
2025-11-03,november,257,0
2025-11-03,november,79,0
2025-11-03,november,87,0
2025-11-03,november,82,0
2025-11-03,november,184,0
2025-11-03,november,16,0
2025-11-03,november,63,0
2025-11-03,november,71,0
2025-11-03,november,82,0
2025-11-03,november,21,0
2025-11-03,november,128,0
2025-11-03,november,67,0
2025-11-03,november,153,0
2025-11-03,november,266,0
2025-11-03,november,57,0
2025-11-03,november,102,0
2025-11-03,november,44,0
2025-11-03,november,105,0
2025-11-03,november,181,0
2025-11-03,november,176,0
2025-11-03,november,123,0
2025-11-03,november,134,0
2025-11-03,november,118,0
2025-11-03,november,94,0
2025-11-03,november,106,0
2025-11-03,november,172,0
2025-11-03,november,227,0
2025-11-03,november,115,0
2025-11-03,november,34,0
2025-11-03,november,136,0
2025-11-03,november,160,0
2025-11-03,november,96,0
2025-11-03,november,152,0
2025-11-03,november,66,0
2025-11-03,november,74,0
2025-11-03,november,84,0
2025-11-03,november,201,0
2025-11-03,november,94,0
2025-11-03,november,129,0
2025-11-03,november,79,0
2025-11-03,november,323,0
2025-11-03,november,41,0
2025-11-03,november,123,0
2025-11-03,november,110,0
2025-11-03,november,170,0
2025-11-03,november,183,0
2025-11-03,november,140,0
2025-11-03,november,275,0
2025-11-03,november,57,0
2025-11-03,november,260,0
2025-11-03,november,30,0
2025-11-03,november,215,0
2025-11-03,november,99,0
2025-11-03,november,41,0
2025-11-03,november,145,0
2025-11-03,november,119,0
2025-11-03,november,125,0
2025-11-03,november,88,0
2025-11-03,november,14,0
2025-11-03,november,23,0
2025-11-03,november,53,0
2025-11-03,november,47,0
2025-11-03,november,106,0
2025-11-03,november,44,0
2025-11-03,november,67,0
2025-11-03,november,57,0
2025-11-03,november,126,0
2025-11-03,november,113,0
2025-11-03,november,69,0
2025-11-03,november,110,0
2025-11-03,november,167,0
2025-11-03,november,164,0
2025-11-03,november,91,0
2025-11-03,november,61,0
2025-11-03,november,36,0
2025-11-03,november,230,0
2025-11-03,november,183,0
2025-11-03,november,263,0
2025-11-03,november,20,0
2025-11-04,november,97,0
2025-11-04,november,146,0
2025-11-04,november,77,0
2025-11-04,november,55,0
2025-11-04,november,236,0
2025-11-04,november,87,0
2025-11-04,november,81,0
2025-11-04,november,65,0
2025-11-04,november,122,0
2025-11-04,november,50,0
2025-11-04,november,50,0
2025-11-04,november,50,0
2025-11-04,november,221,0
2025-11-04,november,52,0
2025-11-04,november,93,0
2025-11-04,november,86,0
2025-11-04,november,99,0
2025-11-04,november,80,0
2025-11-04,november,79,0
2025-11-04,november,156,0
2025-11-04,november,105,0
2025-11-04,november,52,0
2025-11-04,november,80,0
2025-11-04,november,51,0
2025-11-04,november,135,0
2025-11-04,november,91,0
2025-11-04,november,176,0
2025-11-04,november,306,0
2025-11-04,november,154,0
2025-11-04,november,85,0
2025-11-04,november,165,0
2025-11-04,november,39,0
2025-11-04,november,118,0
2025-11-04,november,262,0
2025-11-04,november,114,0
2025-11-04,november,156,0
2025-11-04,november,166,0
2025-11-04,november,43,0
2025-11-04,november,72,0
2025-11-04,november,62,0
2025-11-04,november,260,0
2025-11-04,november,103,0
2025-11-04,november,88,0
2025-11-04,november,84,0
2025-11-04,november,191,0
2025-11-04,november,17,0
2025-11-04,november,84,0
2025-11-04,november,71,0
2025-11-04,november,84,0
2025-11-04,november,23,0
2025-11-04,november,132,0
2025-11-04,november,69,0
2025-11-04,november,164,0
2025-11-04,november,282,0
2025-11-04,november,56,0
2025-11-04,november,116,0
2025-11-04,november,55,0
2025-11-04,november,106,0
2025-11-04,november,196,0
2025-11-04,november,185,0
2025-11-04,november,127,0
2025-11-04,november,135,0
2025-11-04,november,119,0
2025-11-04,november,95,0
2025-11-04,november,83,0
2025-11-04,november,176,0
2025-11-04,november,227,0
2025-11-04,november,139,0
2025-11-04,november,45,0
2025-11-04,november,143,0
2025-11-04,november,157,0
2025-11-04,november,103,0
2025-11-04,november,167,0
2025-11-04,november,72,0
2025-11-04,november,76,0
2025-11-04,november,81,0
2025-11-04,november,212,0
2025-11-04,november,123,0
2025-11-04,november,154,0
2025-11-04,november,92,0
2025-11-04,november,341,0
2025-11-04,november,45,0
2025-11-04,november,127,0
2025-11-04,november,129,0
2025-11-04,november,178,0
2025-11-04,november,190,0
2025-11-04,november,149,0
2025-11-04,november,281,0
2025-11-04,november,62,0
2025-11-04,november,259,0
2025-11-04,november,36,0
2025-11-04,november,212,0
2025-11-04,november,101,0
2025-11-04,november,41,0
2025-11-04,november,148,0
2025-11-04,november,117,0
2025-11-04,november,123,0
2025-11-04,november,90,0
2025-11-04,november,21,0
2025-11-04,november,30,0
2025-11-04,november,54,0
2025-11-04,november,51,0
2025-11-04,november,119,0
2025-11-04,november,42,0
2025-11-04,november,74,0
2025-11-04,november,59,0
2025-11-04,november,129,0
2025-11-04,november,118,0
2025-11-04,november,106,0
2025-11-04,november,107,0
2025-11-04,november,193,0
2025-11-04,november,196,0
2025-11-04,november,91,0
2025-11-04,november,61,0
2025-11-04,november,40,0
2025-11-04,november,260,0
2025-11-04,november,201,0
2025-11-04,november,276,0
2025-11-04,november,27,0
2025-11-06,november,86,0
2025-11-06,november,146,0
2025-11-06,november,72,0
2025-11-06,november,44,0
2025-11-06,november,234,0
2025-11-06,november,68,0
2025-11-06,november,80,0
2025-11-06,november,64,0
2025-11-06,november,121,0
2025-11-06,november,46,0
2025-11-06,november,50,0
2025-11-06,november,46,0
2025-11-06,november,221,0
2025-11-06,november,53,0
2025-11-06,november,87,0
2025-11-06,november,74,0
2025-11-06,november,89,0
2025-11-06,november,70,0
2025-11-06,november,79,0
2025-11-06,november,154,0
2025-11-06,november,100,0
2025-11-06,november,50,0
2025-11-06,november,78,0
2025-11-06,november,48,0
2025-11-06,november,134,0
2025-11-06,november,89,0
2025-11-06,november,173,0
2025-11-06,november,299,0
2025-11-06,november,148,0
2025-11-06,november,79,0
2025-11-06,november,165,0
2025-11-06,november,37,0
2025-11-06,november,119,0
2025-11-06,november,265,0
2025-11-06,november,110,0
2025-11-06,november,134,0
2025-11-06,november,157,0
2025-11-06,november,46,0
2025-11-06,november,74,0
2025-11-06,november,62,0
2025-11-06,november,261,0
2025-11-06,november,82,0
2025-11-06,november,86,0
2025-11-06,november,87,0
2025-11-06,november,188,0
2025-11-06,november,16,0
2025-11-06,november,67,0
2025-11-06,november,74,0
2025-11-06,november,84,0
2025-11-06,november,19,0
2025-11-06,november,140,0
2025-11-06,november,68,0
2025-11-06,november,154,0
2025-11-06,november,273,0
2025-11-06,november,56,0
2025-11-06,november,93,0
2025-11-06,november,45,0
2025-11-06,november,109,0
2025-11-06,november,185,0
2025-11-06,november,173,0
2025-11-06,november,46,0
2025-11-06,november,139,0
2025-11-06,november,116,0
2025-11-06,november,88,0
2025-11-06,november,108,0
2025-11-06,november,171,0
2025-11-06,november,232,0
2025-11-06,november,116,0
2025-11-06,november,35,0
2025-11-06,november,139,0
2025-11-06,november,163,0
2025-11-06,november,96,0
2025-11-06,november,158,0
2025-11-06,november,68,0
2025-11-06,november,75,0
2025-11-06,november,77,0
2025-11-06,november,204,0
2025-11-06,november,96,0
2025-11-06,november,134,0
2025-11-06,november,82,0
2025-11-06,november,330,0
2025-11-06,november,39,0
2025-11-06,november,121,0
2025-11-06,november,109,0
2025-11-06,november,169,0
2025-11-06,november,189,0
2025-11-06,november,144,0
2025-11-06,november,275,0
2025-11-06,november,64,0
2025-11-06,november,263,0
2025-11-06,november,27,0
2025-11-06,november,219,0
2025-11-06,november,98,0
2025-11-06,november,41,0
2025-11-06,november,150,0
2025-11-06,november,124,0
2025-11-06,november,129,0
2025-11-06,november,89,0
2025-11-06,november,17,0
2025-11-06,november,21,0
2025-11-06,november,50,0
2025-11-06,november,43,0
2025-11-06,november,103,0
2025-11-06,november,43,0
2025-11-06,november,70,0
2025-11-06,november,57,0
2025-11-06,november,124,0
2025-11-06,november,112,0
2025-11-06,november,80,0
2025-11-06,november,107,0
2025-11-06,november,166,0
2025-11-06,november,181,0
2025-11-06,november,91,0
2025-11-06,november,61,0
2025-11-06,november,38,0
2025-11-06,november,232,0
2025-11-06,november,194,0
2025-11-06,november,267,0
2025-11-06,november,24,0
2025-11-07,november,98,0
2025-11-07,november,135,0
2025-11-07,november,79,0
2025-11-07,november,49,0
2025-11-07,november,233,0
2025-11-07,november,86,0
2025-11-07,november,81,0
2025-11-07,november,64,0
2025-11-07,november,121,0
2025-11-07,november,47,0
2025-11-07,november,50,0
2025-11-07,november,56,0
2025-11-07,november,229,0
2025-11-07,november,51,0
2025-11-07,november,93,0
2025-11-07,november,85,0
2025-11-07,november,91,0
2025-11-07,november,78,0
2025-11-07,november,77,0
2025-11-07,november,156,0
2025-11-07,november,106,0
2025-11-07,november,59,0
2025-11-07,november,80,0
2025-11-07,november,54,0
2025-11-07,november,133,0
2025-11-07,november,91,0
2025-11-07,november,176,0
2025-11-07,november,309,0
2025-11-07,november,147,0
2025-11-07,november,87,0
2025-11-07,november,161,0
2025-11-07,november,35,0
2025-11-07,november,117,0
2025-11-07,november,266,0
2025-11-07,november,113,0
2025-11-07,november,150,0
2025-11-07,november,164,0
2025-11-07,november,46,0
2025-11-07,november,77,0
2025-11-07,november,60,0
2025-11-07,november,261,0
2025-11-07,november,99,0
2025-11-07,november,86,0
2025-11-07,november,83,0
2025-11-07,november,190,0
2025-11-07,november,17,0
2025-11-07,november,88,0
2025-11-07,november,74,0
2025-11-07,november,83,0
2025-11-07,november,24,0
2025-11-07,november,141,0
2025-11-07,november,67,0
2025-11-07,november,164,0
2025-11-07,november,292,0
2025-11-07,november,56,0
2025-11-07,november,120,0
2025-11-07,november,54,0
2025-11-07,november,108,0
2025-11-07,november,194,0
2025-11-07,november,186,0
2025-11-07,november,130,0
2025-11-07,november,139,0
2025-11-07,november,117,0
2025-11-07,november,91,0
2025-11-07,november,108,0
2025-11-07,november,177,0
2025-11-07,november,223,0
2025-11-07,november,134,0
2025-11-07,november,43,0
2025-11-07,november,141,0
2025-11-07,november,163,0
2025-11-07,november,98,0
2025-11-07,november,173,0
2025-11-07,november,72,0
2025-11-07,november,71,0
2025-11-07,november,83,0
2025-11-07,november,208,0
2025-11-07,november,112,0
2025-11-07,november,151,0
2025-11-07,november,90,0
2025-11-07,november,335,0
2025-11-07,november,43,0
2025-11-07,november,121,0
2025-11-07,november,132,0
2025-11-07,november,179,0
2025-11-07,november,187,0
2025-11-07,november,147,0
2025-11-07,november,275,0
2025-11-07,november,64,0
2025-11-07,november,258,0
2025-11-07,november,38,0
2025-11-07,november,216,0
2025-11-07,november,99,0
2025-11-07,november,42,0
2025-11-07,november,150,0
2025-11-07,november,121,0
2025-11-07,november,124,0
2025-11-07,november,89,0
2025-11-07,november,17,0
2025-11-07,november,28,0
2025-11-07,november,54,0
2025-11-07,november,49,0
2025-11-07,november,110,0
2025-11-07,november,45,0
2025-11-07,november,75,0
2025-11-07,november,55,0
2025-11-07,november,139,0
2025-11-07,november,117,0
2025-11-07,november,110,0
2025-11-07,november,109,0
2025-11-07,november,187,0
2025-11-07,november,184,0
2025-11-07,november,98,0
2025-11-07,november,63,0
2025-11-07,november,43,0
2025-11-07,november,254,0
2025-11-07,november,207,0
2025-11-07,november,275,0
2025-11-07,november,22,0
2025-11-10,november,90,0
2025-11-10,november,135,0
2025-11-10,november,74,0
2025-11-10,november,35,0
2025-11-10,november,231,0
2025-11-10,november,71,0
2025-11-10,november,82,0
2025-11-10,november,64,0
2025-11-10,november,117,0
2025-11-10,november,53,0
2025-11-10,november,50,0
2025-11-10,november,46,0
2025-11-10,november,218,0
2025-11-10,november,0,0
2025-11-10,november,94,0
2025-11-10,november,81,0
2025-11-10,november,87,0
2025-11-10,november,75,0
2025-11-10,november,74,0
2025-11-10,november,147,0
2025-11-10,november,102,0
2025-11-10,november,55,0
2025-11-10,november,77,0
2025-11-10,november,44,0
2025-11-10,november,128,0
2025-11-10,november,94,0
2025-11-10,november,175,0
2025-11-10,november,299,0
2025-11-10,november,145,0
2025-11-10,november,84,0
2025-11-10,november,157,0
2025-11-10,november,38,0
2025-11-10,november,118,0
2025-11-10,november,266,0
2025-11-10,november,106,0
2025-11-10,november,131,0
2025-11-10,november,157,0
2025-11-10,november,42,0
2025-11-10,november,79,0
2025-11-10,november,54,0
2025-11-10,november,257,0
2025-11-10,november,84,0
2025-11-10,november,88,0
2025-11-10,november,80,0
2025-11-10,november,190,0
2025-11-10,november,16,0
2025-11-10,november,69,0
2025-11-10,november,74,0
2025-11-10,november,81,0
2025-11-10,november,20,0
2025-11-10,november,132,0
2025-11-10,november,65,0
2025-11-10,november,158,0
2025-11-10,november,275,0
2025-11-10,november,59,0
2025-11-10,november,105,0
2025-11-10,november,49,0
2025-11-10,november,106,0
2025-11-10,november,177,0
2025-11-10,november,170,0
2025-11-10,november,128,0
2025-11-10,november,139,0
2025-11-10,november,6,0
2025-11-10,november,95,0
2025-11-10,november,106,0
2025-11-10,november,165,0
2025-11-10,november,232,0
2025-11-10,november,119,0
2025-11-10,november,42,0
2025-11-10,november,135,0
2025-11-10,november,161,0
2025-11-10,november,102,0
2025-11-10,november,160,0
2025-11-10,november,71,0
2025-11-10,november,75,0
2025-11-10,november,83,0
2025-11-10,november,207,0
2025-11-10,november,101,0
2025-11-10,november,134,0
2025-11-10,november,82,0
2025-11-10,november,198,0
2025-11-10,november,42,0
2025-11-10,november,118,0
2025-11-10,november,113,0
2025-11-10,november,170,0
2025-11-10,november,185,0
2025-11-10,november,140,0
2025-11-10,november,266,0
2025-11-10,november,56,0
2025-11-10,november,257,0
2025-11-10,november,31,0
2025-11-10,november,216,0
2025-11-10,november,101,0
2025-11-10,november,39,0
2025-11-10,november,146,0
2025-11-10,november,118,0
2025-11-10,november,121,0
2025-11-10,november,88,0
2025-11-10,november,16,0
2025-11-10,november,23,0
2025-11-10,november,51,0
2025-11-10,november,48,0
2025-11-10,november,110,0
2025-11-10,november,43,0
2025-11-10,november,71,0
2025-11-10,november,59,0
2025-11-10,november,131,0
2025-11-10,november,114,0
2025-11-10,november,75,0
2025-11-10,november,111,0
2025-11-10,november,168,0
2025-11-10,november,168,0
2025-11-10,november,91,0
2025-11-10,november,63,0
2025-11-10,november,37,0
2025-11-10,november,238,0
2025-11-10,november,200,0
2025-11-10,november,265,0
2025-11-10,november,22,0
2025-11-13,november,84,0
2025-11-13,november,144,0
2025-11-13,november,75,0
2025-11-13,november,40,0
2025-11-13,november,235,0
2025-11-13,november,71,0
2025-11-13,november,78,0
2025-11-13,november,64,0
2025-11-13,november,120,0
2025-11-13,november,50,0
2025-11-13,november,47,0
2025-11-13,november,45,0
2025-11-13,november,228,0
2025-11-13,november,55,0
2025-11-13,november,91,0
2025-11-13,november,79,0
2025-11-13,november,92,0
2025-11-13,november,72,0
2025-11-13,november,79,0
2025-11-13,november,157,0
2025-11-13,november,104,0
2025-11-13,november,52,0
2025-11-13,november,78,0
2025-11-13,november,47,0
2025-11-13,november,134,0
2025-11-13,november,92,0
2025-11-13,november,171,0
2025-11-13,november,306,0
2025-11-13,november,146,0
2025-11-13,november,85,0
2025-11-13,november,166,0
2025-11-13,november,38,0
2025-11-13,november,120,0
2025-11-13,november,262,0
2025-11-13,november,109,0
2025-11-13,november,137,0
2025-11-13,november,158,0
2025-11-13,november,45,0
2025-11-13,november,77,0
2025-11-13,november,61,0
2025-11-13,november,263,0
2025-11-13,november,85,0
2025-11-13,november,90,0
2025-11-13,november,86,0
2025-11-13,november,189,0
2025-11-13,november,16,0
2025-11-13,november,69,0
2025-11-13,november,74,0
2025-11-13,november,83,0
2025-11-13,november,18,0
2025-11-13,november,141,0
2025-11-13,november,68,0
2025-11-13,november,151,0
2025-11-13,november,274,0
2025-11-13,november,55,0
2025-11-13,november,95,0
2025-11-13,november,46,0
2025-11-13,november,110,0
2025-11-13,november,185,0
2025-11-13,november,168,0
2025-11-13,november,127,0
2025-11-13,november,139,0
2025-11-13,november,116,0
2025-11-13,november,87,0
2025-11-13,november,112,0
2025-11-13,november,174,0
2025-11-13,november,232,0
2025-11-13,november,117,0
2025-11-13,november,40,0
2025-11-13,november,138,0
2025-11-13,november,162,0
2025-11-13,november,96,0
2025-11-13,november,160,0
2025-11-13,november,69,0
2025-11-13,november,76,0
2025-11-13,november,76,0
2025-11-13,november,203,0
2025-11-13,november,104,0
2025-11-13,november,135,0
2025-11-13,november,82,0
2025-11-13,november,339,0
2025-11-13,november,39,0
2025-11-13,november,121,0
2025-11-13,november,113,0
2025-11-13,november,170,0
2025-11-13,november,195,0
2025-11-13,november,145,0
2025-11-13,november,277,0
2025-11-13,november,63,0
2025-11-13,november,265,0
2025-11-13,november,29,0
2025-11-13,november,222,0
2025-11-13,november,100,0
2025-11-13,november,42,0
2025-11-13,november,149,0
2025-11-13,november,120,0
2025-11-13,november,130,0
2025-11-13,november,90,0
2025-11-13,november,19,0
2025-11-13,november,25,0
2025-11-13,november,49,0
2025-11-13,november,44,0
2025-11-13,november,100,0
2025-11-13,november,44,0
2025-11-13,november,75,0
2025-11-13,november,55,0
2025-11-13,november,125,0
2025-11-13,november,115,0
2025-11-13,november,89,0
2025-11-13,november,109,0
2025-11-13,november,169,0
2025-11-13,november,184,0
2025-11-13,november,90,0
2025-11-13,november,63,0
2025-11-13,november,37,0
2025-11-13,november,237,0
2025-11-13,november,195,0
2025-11-13,november,271,0
2025-11-13,november,25,0
2025-11-14,november,107,0
2025-11-14,november,140,0
2025-11-14,november,80,0
2025-11-14,november,50,0
2025-11-14,november,235,0
2025-11-14,november,90,0
2025-11-14,november,88,0
2025-11-14,november,65,0
2025-11-14,november,119,0
2025-11-14,november,52,0
2025-11-14,november,46,0
2025-11-14,november,58,0
2025-11-14,november,236,0
2025-11-14,november,52,0
2025-11-14,november,98,0
2025-11-14,november,87,0
2025-11-14,november,90,0
2025-11-14,november,80,0
2025-11-14,november,83,0
2025-11-14,november,149,0
2025-11-14,november,109,0
2025-11-14,november,59,0
2025-11-14,november,80,0
2025-11-14,november,55,0
2025-11-14,november,133,0
2025-11-14,november,92,0
2025-11-14,november,181,0
2025-11-14,november,315,0
2025-11-14,november,149,0
2025-11-14,november,88,0
2025-11-14,november,161,0
2025-11-14,november,35,0
2025-11-14,november,116,0
2025-11-14,november,265,0
2025-11-14,november,115,0
2025-11-14,november,153,0
2025-11-14,november,173,0
2025-11-14,november,46,0
2025-11-14,november,76,0
2025-11-14,november,60,0
2025-11-14,november,261,0
2025-11-14,november,104,0
2025-11-14,november,88,0
2025-11-14,november,83,0
2025-11-14,november,189,0
2025-11-14,november,17,0
2025-11-14,november,94,0
2025-11-14,november,77,0
2025-11-14,november,83,0
2025-11-14,november,25,0
2025-11-14,november,144,0
2025-11-14,november,67,0
2025-11-14,november,161,0
2025-11-14,november,287,0
2025-11-14,november,57,0
2025-11-14,november,125,0
2025-11-14,november,57,0
2025-11-14,november,110,0
2025-11-14,november,190,0
2025-11-14,november,191,0
2025-11-14,november,130,0
2025-11-14,november,139,0
2025-11-14,november,118,0
2025-11-14,november,91,0
2025-11-14,november,109,0
2025-11-14,november,177,0
2025-11-14,november,225,0
2025-11-14,november,135,0
2025-11-14,november,48,0
2025-11-14,november,144,0
2025-11-14,november,162,0
2025-11-14,november,40,0
2025-11-14,november,177,0
2025-11-14,november,77,0
2025-11-14,november,72,0
2025-11-14,november,81,0
2025-11-14,november,209,0
2025-11-14,november,120,0
2025-11-14,november,153,0
2025-11-14,november,90,0
2025-11-14,november,342,0
2025-11-14,november,44,0
2025-11-14,november,125,0
2025-11-14,november,138,0
2025-11-14,november,182,0
2025-11-14,november,192,0
2025-11-14,november,147,0
2025-11-14,november,277,0
2025-11-14,november,66,0
2025-11-14,november,269,0
2025-11-14,november,38,0
2025-11-14,november,224,0
2025-11-14,november,101,0
2025-11-14,november,42,0
2025-11-14,november,152,0
2025-11-14,november,118,0
2025-11-14,november,127,0
2025-11-14,november,94,0
2025-11-14,november,19,0
2025-11-14,november,29,0
2025-11-14,november,55,0
2025-11-14,november,49,0
2025-11-14,november,112,0
2025-11-14,november,46,0
2025-11-14,november,85,0
2025-11-14,november,59,0
2025-11-14,november,139,0
2025-11-14,november,119,0
2025-11-14,november,110,0
2025-11-14,november,111,0
2025-11-14,november,190,0
2025-11-14,november,194,0
2025-11-14,november,99,0
2025-11-14,november,65,0
2025-11-14,november,43,0
2025-11-14,november,256,0
2025-11-14,november,211,0
2025-11-14,november,278,0
2025-11-14,november,20,0
2025-11-17,november,90,0
2025-11-17,november,137,0
2025-11-17,november,75,0
2025-11-17,november,37,0
2025-11-17,november,237,0
2025-11-17,november,73,0
2025-11-17,november,81,0
2025-11-17,november,69,0
2025-11-17,november,81,0
2025-11-17,november,55,0
2025-11-17,november,51,0
2025-11-17,november,47,0
2025-11-17,november,215,0
2025-11-17,november,52,0
2025-11-17,november,94,0
2025-11-17,november,84,0
2025-11-17,november,89,0
2025-11-17,november,75,0
2025-11-17,november,80,0
2025-11-17,november,159,0
2025-11-17,november,103,0
2025-11-17,november,51,0
2025-11-17,november,79,0
2025-11-17,november,43,0
2025-11-17,november,132,0
2025-11-17,november,94,0
2025-11-17,november,172,0
2025-11-17,november,308,0
2025-11-17,november,144,0
2025-11-17,november,82,0
2025-11-17,november,159,0
2025-11-17,november,37,0
2025-11-17,november,117,0
2025-11-17,november,272,0
2025-11-17,november,107,0
2025-11-17,november,134,0
2025-11-17,november,165,0
2025-11-17,november,43,0
2025-11-17,november,76,0
2025-11-17,november,58,0
2025-11-17,november,258,0
2025-11-17,november,82,0
2025-11-17,november,89,0
2025-11-17,november,80,0
2025-11-17,november,189,0
2025-11-17,november,16,0
2025-11-17,november,70,0
2025-11-17,november,76,0
2025-11-17,november,83,0
2025-11-17,november,21,0
2025-11-17,november,134,0
2025-11-17,november,68,0
2025-11-17,november,153,0
2025-11-17,november,274,0
2025-11-17,november,61,0
2025-11-17,november,103,0
2025-11-17,november,47,0
2025-11-17,november,106,0
2025-11-17,november,187,0
2025-11-17,november,181,0
2025-11-17,november,126,0
2025-11-17,november,140,0
2025-11-17,november,119,0
2025-11-17,november,92,0
2025-11-17,november,107,0
2025-11-17,november,171,0
2025-11-17,november,232,0
2025-11-17,november,118,0
2025-11-17,november,44,0
2025-11-17,november,139,0
2025-11-17,november,162,0
2025-11-17,november,101,0
2025-11-17,november,165,0
2025-11-17,november,67,0
2025-11-17,november,77,0
2025-11-17,november,83,0
2025-11-17,november,205,0
2025-11-17,november,103,0
2025-11-17,november,131,0
2025-11-17,november,79,0
2025-11-17,november,338,0
2025-11-17,november,41,0
2025-11-17,november,125,0
2025-11-17,november,111,0
2025-11-17,november,176,0
2025-11-17,november,189,0
2025-11-17,november,142,0
2025-11-17,november,275,0
2025-11-17,november,56,0
2025-11-17,november,276,0
2025-11-17,november,30,0
2025-11-17,november,225,0
2025-11-17,november,101,0
2025-11-17,november,40,0
2025-11-17,november,147,0
2025-11-17,november,123,0
2025-11-17,november,128,0
2025-11-17,november,91,0
2025-11-17,november,16,0
2025-11-17,november,25,0
2025-11-17,november,52,0
2025-11-17,november,49,0
2025-11-17,november,113,0
2025-11-17,november,45,0
2025-11-17,november,74,0
2025-11-17,november,60,0
2025-11-17,november,130,0
2025-11-17,november,117,0
2025-11-17,november,82,0
2025-11-17,november,111,0
2025-11-17,november,172,0
2025-11-17,november,173,0
2025-11-17,november,95,0
2025-11-17,november,63,0
2025-11-17,november,37,0
2025-11-17,november,242,0
2025-11-17,november,193,0
2025-11-17,november,266,0
2025-11-17,november,20,0
2025-11-18,november,104,0
2025-11-18,november,152,0
2025-11-18,november,80,0
2025-11-18,november,57,0
2025-11-18,november,241,0
2025-11-18,november,87,0
2025-11-18,november,87,0
2025-11-18,november,68,0
2025-11-18,november,124,0
2025-11-18,november,55,0
2025-11-18,november,51,0
2025-11-18,november,51,0
2025-11-18,november,232,0
2025-11-18,november,53,0
2025-11-18,november,98,0
2025-11-18,november,96,0
2025-11-18,november,98,0
2025-11-18,november,88,0
2025-11-18,november,81,0
2025-11-18,november,159,0
2025-11-18,november,108,0
2025-11-18,november,55,0
2025-11-18,november,77,0
2025-11-18,november,52,0
2025-11-18,november,139,0
2025-11-18,november,89,0
2025-11-18,november,180,0
2025-11-18,november,319,0
2025-11-18,november,147,0
2025-11-18,november,89,0
2025-11-18,november,164,0
2025-11-18,november,40,0
2025-11-18,november,120,0
2025-11-18,november,267,0
2025-11-18,november,117,0
2025-11-18,november,165,0
2025-11-18,november,170,0
2025-11-18,november,44,0
2025-11-18,november,77,0
2025-11-18,november,61,0
2025-11-18,november,267,0
2025-11-18,november,106,0
2025-11-18,november,90,0
2025-11-18,november,82,0
2025-11-18,november,192,0
2025-11-18,november,17,0
2025-11-18,november,89,0
2025-11-18,november,75,0
2025-11-18,november,82,0
2025-11-18,november,23,0
2025-11-18,november,139,0
2025-11-18,november,69,0
2025-11-18,november,160,0
2025-11-18,november,285,0
2025-11-18,november,62,0
2025-11-18,november,120,0
2025-11-18,november,61,0
2025-11-18,november,104,0
2025-11-18,november,197,0
2025-11-18,november,191,0
2025-11-18,november,133,0
2025-11-18,november,138,0
2025-11-18,november,117,0
2025-11-18,november,95,0
2025-11-18,november,110,0
2025-11-18,november,176,0
2025-11-18,november,225,0
2025-11-18,november,142,0
2025-11-18,november,50,0
2025-11-18,november,147,0
2025-11-18,november,160,0
2025-11-18,november,108,0
2025-11-18,november,175,0
2025-11-18,november,72,0
2025-11-18,november,76,0
2025-11-18,november,82,0
2025-11-18,november,212,0
2025-11-18,november,130,0
2025-11-18,november,162,0
2025-11-18,november,92,0
2025-11-18,november,353,0
2025-11-18,november,46,0
2025-11-18,november,128,0
2025-11-18,november,127,0
2025-11-18,november,188,0
2025-11-18,november,197,0
2025-11-18,november,154,0
2025-11-18,november,283,0
2025-11-18,november,63,0
2025-11-18,november,274,0
2025-11-18,november,37,0
2025-11-18,november,225,0
2025-11-18,november,106,0
2025-11-18,november,42,0
2025-11-18,november,150,0
2025-11-18,november,124,0
2025-11-18,november,129,0
2025-11-18,november,94,0
2025-11-18,november,23,0
2025-11-18,november,27,0
2025-11-18,november,54,0
2025-11-18,november,52,0
2025-11-18,november,122,0
2025-11-18,november,43,0
2025-11-18,november,80,0
2025-11-18,november,60,0
2025-11-18,november,136,0
2025-11-18,november,119,0
2025-11-18,november,112,0
2025-11-18,november,110,0
2025-11-18,november,194,0
2025-11-18,november,206,0
2025-11-18,november,93,0
2025-11-18,november,63,0
2025-11-18,november,41,0
2025-11-18,november,270,0
2025-11-18,november,204,0
2025-11-18,november,279,0
2025-11-18,november,25,0
2025-11-20,november,89,0
2025-11-20,november,147,0
2025-11-20,november,72,0
2025-11-20,november,45,0
2025-11-20,november,237,0
2025-11-20,november,70,0
2025-11-20,november,84,0
2025-11-20,november,67,0
2025-11-20,november,124,0
2025-11-20,november,51,0
2025-11-20,november,53,0
2025-11-20,november,45,0
2025-11-20,november,231,0
2025-11-20,november,55,0
2025-11-20,november,93,0
2025-11-20,november,84,0
2025-11-20,november,91,0
2025-11-20,november,74,0
2025-11-20,november,83,0
2025-11-20,november,155,0
2025-11-20,november,103,0
2025-11-20,november,53,0
2025-11-20,november,79,0
2025-11-20,november,48,0
2025-11-20,november,135,0
2025-11-20,november,89,0
2025-11-20,november,170,0
2025-11-20,november,300,0
2025-11-20,november,147,0
2025-11-20,november,86,0
2025-11-20,november,167,0
2025-11-20,november,38,0
2025-11-20,november,122,0
2025-11-20,november,267,0
2025-11-20,november,110,0
2025-11-20,november,145,0
2025-11-20,november,160,0
2025-11-20,november,45,0
2025-11-20,november,75,0
2025-11-20,november,64,0
2025-11-20,november,261,0
2025-11-20,november,83,0
2025-11-20,november,88,0
2025-11-20,november,84,0
2025-11-20,november,189,0
2025-11-20,november,16,0
2025-11-20,november,71,0
2025-11-20,november,75,0
2025-11-20,november,83,0
2025-11-20,november,21,0
2025-11-20,november,147,0
2025-11-20,november,69,0
2025-11-20,november,157,0
2025-11-20,november,274,0
2025-11-20,november,60,0
2025-11-20,november,96,0
2025-11-20,november,44,0
2025-11-20,november,110,0
2025-11-20,november,192,0
2025-11-20,november,173,0
2025-11-20,november,126,0
2025-11-20,november,139,0
2025-11-20,november,116,0
2025-11-20,november,92,0
2025-11-20,november,107,0
2025-11-20,november,171,0
2025-11-20,november,234,0
2025-11-20,november,115,0
2025-11-20,november,42,0
2025-11-20,november,147,0
2025-11-20,november,162,0
2025-11-20,november,99,0
2025-11-20,november,166,0
2025-11-20,november,69,0
2025-11-20,november,76,0
2025-11-20,november,78,0
2025-11-20,november,203,0
2025-11-20,november,104,0
2025-11-20,november,136,0
2025-11-20,november,81,0
2025-11-20,november,336,0
2025-11-20,november,39,0
2025-11-20,november,123,0
2025-11-20,november,114,0
2025-11-20,november,175,0
2025-11-20,november,170,0
2025-11-20,november,147,0
2025-11-20,november,276,0
2025-11-20,november,63,0
2025-11-20,november,272,0
2025-11-20,november,26,0
2025-11-20,november,222,0
2025-11-20,november,99,0
2025-11-20,november,42,0
2025-11-20,november,150,0
2025-11-20,november,128,0
2025-11-20,november,125,0
2025-11-20,november,92,0
2025-11-20,november,19,0
2025-11-20,november,24,0
2025-11-20,november,51,0
2025-11-20,november,45,0
2025-11-20,november,99,0
2025-11-20,november,44,0
2025-11-20,november,74,0
2025-11-20,november,57,0
2025-11-20,november,131,0
2025-11-20,november,112,0
2025-11-20,november,88,0
2025-11-20,november,109,0
2025-11-20,november,171,0
2025-11-20,november,182,0
2025-11-20,november,90,0
2025-11-20,november,62,0
2025-11-20,november,37,0
2025-11-20,november,238,0
2025-11-20,november,193,0
2025-11-20,november,268,0
2025-11-20,november,23,0
2025-11-21,november,106,0
2025-11-21,november,139,0
2025-11-21,november,81,0
2025-11-21,november,51,0
2025-11-21,november,239,0
2025-11-21,november,85,0
2025-11-21,november,89,0
2025-11-21,november,68,0
2025-11-21,november,124,0
2025-11-21,november,54,0
2025-11-21,november,50,0
2025-11-21,november,59,0
2025-11-21,november,230,0
2025-11-21,november,52,0
2025-11-21,november,92,0
2025-11-21,november,90,0
2025-11-21,november,90,0
2025-11-21,november,81,0
2025-11-21,november,79,0
2025-11-21,november,148,0
2025-11-21,november,112,0
2025-11-21,november,59,0
2025-11-21,november,80,0
2025-11-21,november,57,0
2025-11-21,november,133,0
2025-11-21,november,90,0
2025-11-21,november,181,0
2025-11-21,november,321,0
2025-11-21,november,144,0
2025-11-21,november,89,0
2025-11-21,november,160,0
2025-11-21,november,36,0
2025-11-21,november,117,0
2025-11-21,november,268,0
2025-11-21,november,115,0
2025-11-21,november,156,0
2025-11-21,november,168,0
2025-11-21,november,46,0
2025-11-21,november,78,0
2025-11-21,november,61,0
2025-11-21,november,263,0
2025-11-21,november,100,0
2025-11-21,november,86,0
2025-11-21,november,81,0
2025-11-21,november,188,0
2025-11-21,november,19,0
2025-11-21,november,95,0
2025-11-21,november,76,0
2025-11-21,november,83,0
2025-11-21,november,24,0
2025-11-21,november,145,0
2025-11-21,november,68,0
2025-11-21,november,162,0
2025-11-21,november,292,0
2025-11-21,november,58,0
2025-11-21,november,128,0
2025-11-21,november,56,0
2025-11-21,november,109,0
2025-11-21,november,194,0
2025-11-21,november,189,0
2025-11-21,november,132,0
2025-11-21,november,139,0
2025-11-21,november,117,0
2025-11-21,november,92,0
2025-11-21,november,107,0
2025-11-21,november,169,0
2025-11-21,november,227,0
2025-11-21,november,136,0
2025-11-21,november,43,0
2025-11-21,november,142,0
2025-11-21,november,163,0
2025-11-21,november,99,0
2025-11-21,november,182,0
2025-11-21,november,73,0
2025-11-21,november,71,0
2025-11-21,november,84,0
2025-11-21,november,205,0
2025-11-21,november,114,0
2025-11-21,november,153,0
2025-11-21,november,90,0
2025-11-21,november,350,0
2025-11-21,november,44,0
2025-11-21,november,124,0
2025-11-21,november,136,0
2025-11-21,november,183,0
2025-11-21,november,174,0
2025-11-21,november,153,0
2025-11-21,november,281,0
2025-11-21,november,65,0
2025-11-21,november,267,0
2025-11-21,november,37,0
2025-11-21,november,220,0
2025-11-21,november,105,0
2025-11-21,november,43,0
2025-11-21,november,151,0
2025-11-21,november,126,0
2025-11-21,november,128,0
2025-11-21,november,93,0
2025-11-21,november,19,0
2025-11-21,november,28,0
2025-11-21,november,55,0
2025-11-21,november,52,0
2025-11-21,november,113,0
2025-11-21,november,46,0
2025-11-21,november,87,0
2025-11-21,november,56,0
2025-11-21,november,142,0
2025-11-21,november,118,0
2025-11-21,november,115,0
2025-11-21,november,111,0
2025-11-21,november,190,0
2025-11-21,november,193,0
2025-11-21,november,101,0
2025-11-21,november,65,0
2025-11-21,november,42,0
2025-11-21,november,259,0
2025-11-21,november,212,0
2025-11-21,november,277,0
2025-11-21,november,20,0
2025-11-24,november,91,0
2025-11-24,november,135,0
2025-11-24,november,74,0
2025-11-24,november,50,0
2025-11-24,november,238,0
2025-11-24,november,69,0
2025-11-24,november,82,0
2025-11-24,november,69,0
2025-11-24,november,119,0
2025-11-24,november,52,0
2025-11-24,november,51,0
2025-11-24,november,48,0
2025-11-24,november,222,0
2025-11-24,november,54,0
2025-11-24,november,93,0
2025-11-24,november,82,0
2025-11-24,november,89,0
2025-11-24,november,76,0
2025-11-24,november,81,0
2025-11-24,november,160,0
2025-11-24,november,104,0
2025-11-24,november,51,0
2025-11-24,november,81,0
2025-11-24,november,41,0
2025-11-24,november,132,0
2025-11-24,november,90,0
2025-11-24,november,179,0
2025-11-24,november,301,0
2025-11-24,november,148,0
2025-11-24,november,83,0
2025-11-24,november,159,0
2025-11-24,november,39,0
2025-11-24,november,118,0
2025-11-24,november,273,0
2025-11-24,november,111,0
2025-11-24,november,135,0
2025-11-24,november,160,0
2025-11-24,november,43,0
2025-11-24,november,78,0
2025-11-24,november,59,0
2025-11-24,november,257,0
2025-11-24,november,83,0
2025-11-24,november,88,0
2025-11-24,november,81,0
2025-11-24,november,193,0
2025-11-24,november,19,0
2025-11-24,november,72,0
2025-11-24,november,75,0
2025-11-24,november,82,0
2025-11-24,november,21,0
2025-11-24,november,137,0
2025-11-24,november,68,0
2025-11-24,november,147,0
2025-11-24,november,274,0
2025-11-24,november,60,0
2025-11-24,november,103,0
2025-11-24,november,46,0
2025-11-24,november,112,0
2025-11-24,november,185,0
2025-11-24,november,178,0
2025-11-24,november,126,0
2025-11-24,november,140,0
2025-11-24,november,121,0
2025-11-24,november,92,0
2025-11-24,november,104,0
2025-11-24,november,171,0
2025-11-24,november,238,0
2025-11-24,november,118,0
2025-11-24,november,44,0
2025-11-24,november,140,0
2025-11-24,november,164,0
2025-11-24,november,99,0
2025-11-24,november,167,0
2025-11-24,november,70,0
2025-11-24,november,76,0
2025-11-24,november,83,0
2025-11-24,november,202,0
2025-11-24,november,103,0
2025-11-24,november,129,0
2025-11-24,november,79,0
2025-11-24,november,338,0
2025-11-24,november,42,0
2025-11-24,november,126,0
2025-11-24,november,112,0
2025-11-24,november,176,0
2025-11-24,november,190,0
2025-11-24,november,143,0
2025-11-24,november,284,0
2025-11-24,november,58,0
2025-11-24,november,279,0
2025-11-24,november,30,0
2025-11-24,november,225,0
2025-11-24,november,105,0
2025-11-24,november,42,0
2025-11-24,november,147,0
2025-11-24,november,124,0
2025-11-24,november,126,0
2025-11-24,november,92,0
2025-11-24,november,16,0
2025-11-24,november,25,0
2025-11-24,november,53,0
2025-11-24,november,50,0
2025-11-24,november,112,0
2025-11-24,november,46,0
2025-11-24,november,75,0
2025-11-24,november,58,0
2025-11-24,november,128,0
2025-11-24,november,117,0
2025-11-24,november,77,0
2025-11-24,november,110,0
2025-11-24,november,172,0
2025-11-24,november,174,0
2025-11-24,november,91,0
2025-11-24,november,63,0
2025-11-24,november,36,0
2025-11-24,november,236,0
2025-11-24,november,195,0
2025-11-24,november,265,0
2025-11-24,november,21,0
2025-11-25,november,105,0
2025-11-25,november,146,0
2025-11-25,november,81,0
2025-11-25,november,57,0
2025-11-25,november,240,0
2025-11-25,november,86,0
2025-11-25,november,88,0
2025-11-25,november,68,0
2025-11-25,november,125,0
2025-11-25,november,56,0
2025-11-25,november,50,0
2025-11-25,november,52,0
2025-11-25,november,238,0
2025-11-25,november,53,0
2025-11-25,november,98,0
2025-11-25,november,99,0
2025-11-25,november,99,0
2025-11-25,november,88,0
2025-11-25,november,82,0
2025-11-25,november,158,0
2025-11-25,november,111,0
2025-11-25,november,53,0
2025-11-25,november,80,0
2025-11-25,november,54,0
2025-11-25,november,137,0
2025-11-25,november,88,0
2025-11-25,november,181,0
2025-11-25,november,317,0
2025-11-25,november,151,0
2025-11-25,november,91,0
2025-11-25,november,164,0
2025-11-25,november,39,0
2025-11-25,november,120,0
2025-11-25,november,266,0
2025-11-25,november,114,0
2025-11-25,november,167,0
2025-11-25,november,169,0
2025-11-25,november,44,0
2025-11-25,november,80,0
2025-11-25,november,61,0
2025-11-25,november,266,0
2025-11-25,november,107,0
2025-11-25,november,90,0
2025-11-25,november,80,0
2025-11-25,november,193,0
2025-11-25,november,20,0
2025-11-25,november,88,0
2025-11-25,november,74,0
2025-11-25,november,84,0
2025-11-25,november,22,0
2025-11-25,november,136,0
2025-11-25,november,69,0
2025-11-25,november,160,0
2025-11-25,november,287,0
2025-11-25,november,59,0
2025-11-25,november,118,0
2025-11-25,november,62,0
2025-11-25,november,110,0
2025-11-25,november,206,0
2025-11-25,november,192,0
2025-11-25,november,131,0
2025-11-25,november,136,0
2025-11-25,november,104,0
2025-11-25,november,93,0
2025-11-25,november,86,0
2025-11-25,november,178,0
2025-11-25,november,229,0
2025-11-25,november,139,0
2025-11-25,november,49,0
2025-11-25,november,148,0
2025-11-25,november,162,0
2025-11-25,november,106,0
2025-11-25,november,175,0
2025-11-25,november,72,0
2025-11-25,november,77,0
2025-11-25,november,79,0
2025-11-25,november,211,0
2025-11-25,november,129,0
2025-11-25,november,160,0
2025-11-25,november,92,0
2025-11-25,november,358,0
2025-11-25,november,48,0
2025-11-25,november,129,0
2025-11-25,november,129,0
2025-11-25,november,188,0
2025-11-25,november,199,0
2025-11-25,november,153,0
2025-11-25,november,286,0
2025-11-25,november,62,0
2025-11-25,november,273,0
2025-11-25,november,36,0
2025-11-25,november,231,0
2025-11-25,november,109,0
2025-11-25,november,42,0
2025-11-25,november,150,0
2025-11-25,november,126,0
2025-11-25,november,125,0
2025-11-25,november,94,0
2025-11-25,november,22,0
2025-11-25,november,28,0
2025-11-25,november,54,0
2025-11-25,november,54,0
2025-11-25,november,121,0
2025-11-25,november,45,0
2025-11-25,november,81,0
2025-11-25,november,59,0
2025-11-25,november,134,0
2025-11-25,november,117,0
2025-11-25,november,112,0
2025-11-25,november,110,0
2025-11-25,november,176,0
2025-11-25,november,190,0
2025-11-25,november,92,0
2025-11-25,november,63,0
2025-11-25,november,41,0
2025-11-25,november,257,0
2025-11-25,november,207,0
2025-11-25,november,278,0
2025-11-25,november,25,0
2025-11-27,november,88,0
2025-11-27,november,150,0
2025-11-27,november,73,0
2025-11-27,november,23,0
2025-11-27,november,237,0
2025-11-27,november,68,0
2025-11-27,november,84,0
2025-11-27,november,66,0
2025-11-27,november,124,0
2025-11-27,november,51,0
2025-11-27,november,51,0
2025-11-27,november,47,0
2025-11-27,november,235,0
2025-11-27,november,53,0
2025-11-27,november,94,0
2025-11-27,november,80,0
2025-11-27,november,93,0
2025-11-27,november,77,0
2025-11-27,november,83,0
2025-11-27,november,159,0
2025-11-27,november,103,0
2025-11-27,november,50,0
2025-11-27,november,80,0
2025-11-27,november,47,0
2025-11-27,november,131,0
2025-11-27,november,87,0
2025-11-27,november,172,0
2025-11-27,november,302,0
2025-11-27,november,150,0
2025-11-27,november,85,0
2025-11-27,november,162,0
2025-11-27,november,38,0
2025-11-27,november,119,0
2025-11-27,november,268,0
2025-11-27,november,108,0
2025-11-27,november,145,0
2025-11-27,november,161,0
2025-11-27,november,45,0
2025-11-27,november,80,0
2025-11-27,november,62,0
2025-11-27,november,260,0
2025-11-27,november,84,0
2025-11-27,november,88,0
2025-11-27,november,84,0
2025-11-27,november,191,0
2025-11-27,november,19,0
2025-11-27,november,71,0
2025-11-27,november,76,0
2025-11-27,november,81,0
2025-11-27,november,19,0
2025-11-27,november,148,0
2025-11-27,november,69,0
2025-11-27,november,148,0
2025-11-27,november,278,0
2025-11-27,november,60,0
2025-11-27,november,95,0
2025-11-27,november,46,0
2025-11-27,november,108,0
2025-11-27,november,192,0
2025-11-27,november,176,0
2025-11-27,november,126,0
2025-11-27,november,141,0
2025-11-27,november,119,0
2025-11-27,november,91,0
2025-11-27,november,111,0
2025-11-27,november,174,0
2025-11-27,november,238,0
2025-11-27,november,114,0
2025-11-27,november,43,0
2025-11-27,november,145,0
2025-11-27,november,163,0
2025-11-27,november,97,0
2025-11-27,november,163,0
2025-11-27,november,71,0
2025-11-27,november,76,0
2025-11-27,november,77,0
2025-11-27,november,206,0
2025-11-27,november,104,0
2025-11-27,november,133,0
2025-11-27,november,80,0
2025-11-27,november,333,0
2025-11-27,november,40,0
2025-11-27,november,123,0
2025-11-27,november,112,0
2025-11-27,november,176,0
2025-11-27,november,194,0
2025-11-27,november,150,0
2025-11-27,november,282,0
2025-11-27,november,63,0
2025-11-27,november,273,0
2025-11-27,november,26,0
2025-11-27,november,223,0
2025-11-27,november,102,0
2025-11-27,november,42,0
2025-11-27,november,150,0
2025-11-27,november,130,0
2025-11-27,november,128,0
2025-11-27,november,91,0
2025-11-27,november,19,0
2025-11-27,november,22,0
2025-11-27,november,51,0
2025-11-27,november,48,0
2025-11-27,november,101,0
2025-11-27,november,45,0
2025-11-27,november,71,0
2025-11-27,november,56,0
2025-11-27,november,129,0
2025-11-27,november,115,0
2025-11-27,november,89,0
2025-11-27,november,109,0
2025-11-27,november,172,0
2025-11-27,november,186,0
2025-11-27,november,93,0
2025-11-27,november,62,0
2025-11-27,november,37,0
2025-11-27,november,233,0
2025-11-27,november,193,0
2025-11-27,november,268,0
2025-11-27,november,23,0
2025-11-28,november,106,0
2025-11-28,november,143,0
2025-11-28,november,81,0
2025-11-28,november,51,0
2025-11-28,november,238,0
2025-11-28,november,85,0
2025-11-28,november,86,0
2025-11-28,november,68,0
2025-11-28,november,125,0
2025-11-28,november,53,0
2025-11-28,november,51,0
2025-11-28,november,60,0
2025-11-28,november,233,0
2025-11-28,november,52,0
2025-11-28,november,91,0
2025-11-28,november,90,0
2025-11-28,november,90,0
2025-11-28,november,83,0
2025-11-28,november,82,0
2025-11-28,november,153,0
2025-11-28,november,110,0
2025-11-28,november,57,0
2025-11-28,november,80,0
2025-11-28,november,53,0
2025-11-28,november,131,0
2025-11-28,november,86,0
2025-11-28,november,187,0
2025-11-28,november,319,0
2025-11-28,november,146,0
2025-11-28,november,92,0
2025-11-28,november,158,0
2025-11-28,november,36,0
2025-11-28,november,116,0
2025-11-28,november,271,0
2025-11-28,november,122,0
2025-11-28,november,160,0
2025-11-28,november,167,0
2025-11-28,november,47,0
2025-11-28,november,81,0
2025-11-28,november,63,0
2025-11-28,november,258,0
2025-11-28,november,104,0
2025-11-28,november,87,0
2025-11-28,november,80,0
2025-11-28,november,192,0
2025-11-28,november,20,0
2025-11-28,november,93,0
2025-11-28,november,76,0
2025-11-28,november,82,0
2025-11-28,november,26,0
2025-11-28,november,146,0
2025-11-28,november,67,0
2025-11-28,november,160,0
2025-11-28,november,292,0
2025-11-28,november,57,0
2025-11-28,november,124,0
2025-11-28,november,57,0
2025-11-28,november,108,0
2025-11-28,november,190,0
2025-11-28,november,189,0
2025-11-28,november,130,0
2025-11-28,november,143,0
2025-11-28,november,119,0
2025-11-28,november,91,0
2025-11-28,november,106,0
2025-11-28,november,180,0
2025-11-28,november,231,0
2025-11-28,november,137,0
2025-11-28,november,46,0
2025-11-28,november,146,0
2025-11-28,november,164,0
2025-11-28,november,73,0
2025-11-28,november,179,0
2025-11-28,november,75,0
2025-11-28,november,71,0
2025-11-28,november,82,0
2025-11-28,november,216,0
2025-11-28,november,116,0
2025-11-28,november,150,0
2025-11-28,november,90,0
2025-11-28,november,352,0
2025-11-28,november,44,0
2025-11-28,november,126,0
2025-11-28,november,136,0
2025-11-28,november,188,0
2025-11-28,november,189,0
2025-11-28,november,149,0
2025-11-28,november,282,0
2025-11-28,november,68,0
2025-11-28,november,271,0
2025-11-28,november,36,0
2025-11-28,november,225,0
2025-11-28,november,106,0
2025-11-28,november,42,0
2025-11-28,november,151,0
2025-11-28,november,130,0
2025-11-28,november,127,0
2025-11-28,november,95,0
2025-11-28,november,19,0
2025-11-28,november,28,0
2025-11-28,november,55,0
2025-11-28,november,52,0
2025-11-28,november,111,0
2025-11-28,november,46,0
2025-11-28,november,85,0
2025-11-28,november,57,0
2025-11-28,november,141,0
2025-11-28,november,120,0
2025-11-28,november,115,0
2025-11-28,november,108,0
2025-11-28,november,194,0
2025-11-28,november,193,0
2025-11-28,november,101,0
2025-11-28,november,64,0
2025-11-28,november,42,0
2025-11-28,november,254,0
2025-11-28,november,216,0
2025-11-28,november,275,0
2025-11-28,november,20,0
2025-12-01,december,92,0
2025-12-01,december,138,0
2025-12-01,december,74,0
2025-12-01,december,32,0
2025-12-01,december,238,0
2025-12-01,december,68,0
2025-12-01,december,80,0
2025-12-01,december,69,0
2025-12-01,december,119,0
2025-12-01,december,54,0
2025-12-01,december,51,0
2025-12-01,december,49,0
2025-12-01,december,220,0
2025-12-01,december,54,0
2025-12-01,december,94,0
2025-12-01,december,80,0
2025-12-01,december,89,0
2025-12-01,december,74,0
2025-12-01,december,83,0
2025-12-01,december,162,0
2025-12-01,december,105,0
2025-12-01,december,49,0
2025-12-01,december,82,0
2025-12-01,december,47,0
2025-12-01,december,129,0
2025-12-01,december,88,0
2025-12-01,december,171,0
2025-12-01,december,303,0
2025-12-01,december,149,0
2025-12-01,december,85,0
2025-12-01,december,161,0
2025-12-01,december,38,0
2025-12-01,december,119,0
2025-12-01,december,273,0
2025-12-01,december,112,0
2025-12-01,december,139,0
2025-12-01,december,160,0
2025-12-01,december,42,0
2025-12-01,december,76,0
2025-12-01,december,58,0
2025-12-01,december,255,0
2025-12-01,december,83,0
2025-12-01,december,87,0
2025-12-01,december,81,0
2025-12-01,december,191,0
2025-12-01,december,19,0
2025-12-01,december,70,0
2025-12-01,december,72,0
2025-12-01,december,83,0
2025-12-01,december,20,0
2025-12-01,december,136,0
2025-12-01,december,66,0
2025-12-01,december,155,0
2025-12-01,december,271,0
2025-12-01,december,59,0
2025-12-01,december,107,0
2025-12-01,december,52,0
2025-12-01,december,110,0
2025-12-01,december,188,0
2025-12-01,december,177,0
2025-12-01,december,128,0
2025-12-01,december,140,0
2025-12-01,december,120,0
2025-12-01,december,93,0
2025-12-01,december,101,0
2025-12-01,december,168,0
2025-12-01,december,235,0
2025-12-01,december,118,0
2025-12-01,december,44,0
2025-12-01,december,140,0
2025-12-01,december,162,0
2025-12-01,december,100,0
2025-12-01,december,166,0
2025-12-01,december,70,0
2025-12-01,december,77,0
2025-12-01,december,84,0
2025-12-01,december,199,0
2025-12-01,december,100,0
2025-12-01,december,124,0
2025-12-01,december,80,0
2025-12-01,december,341,0
2025-12-01,december,42,0
2025-12-01,december,122,0
2025-12-01,december,111,0
2025-12-01,december,171,0
2025-12-01,december,188,0
2025-12-01,december,143,0
2025-12-01,december,275,0
2025-12-01,december,58,0
2025-12-01,december,278,0
2025-12-01,december,29,0
2025-12-01,december,225,0
2025-12-01,december,104,0
2025-12-01,december,41,0
2025-12-01,december,147,0
2025-12-01,december,125,0
2025-12-01,december,130,0
2025-12-01,december,92,0
2025-12-01,december,15,0
2025-12-01,december,22,0
2025-12-01,december,53,0
2025-12-01,december,50,0
2025-12-01,december,109,0
2025-12-01,december,45,0
2025-12-01,december,76,0
2025-12-01,december,60,0
2025-12-01,december,130,0
2025-12-01,december,118,0
2025-12-01,december,81,0
2025-12-01,december,111,0
2025-12-01,december,172,0
2025-12-01,december,171,0
2025-12-01,december,94,0
2025-12-01,december,63,0
2025-12-01,december,36,0
2025-12-01,december,238,0
2025-12-01,december,188,0
2025-12-01,december,264,0
2025-12-01,december,21,0
2025-12-02,december,102,0
2025-12-02,december,138,0
2025-12-02,december,80,0
2025-12-02,december,54,0
2025-12-02,december,241,0
2025-12-02,december,86,0
2025-12-02,december,87,0
2025-12-02,december,68,0
2025-12-02,december,1,0
2025-12-02,december,54,0
2025-12-02,december,0,0
2025-12-02,december,49,0
2025-12-02,december,231,0
2025-12-02,december,55,0
2025-12-02,december,99,0
2025-12-02,december,94,0
2025-12-02,december,98,0
2025-12-02,december,86,0
2025-12-02,december,83,0
2025-12-02,december,158,0
2025-12-02,december,110,0
2025-12-02,december,52,0
2025-12-02,december,81,0
2025-12-02,december,55,0
2025-12-02,december,133,0
2025-12-02,december,86,0
2025-12-02,december,177,0
2025-12-02,december,294,0
2025-12-02,december,154,0
2025-12-02,december,0,0
2025-12-02,december,164,0
2025-12-02,december,40,0
2025-12-02,december,102,0
2025-12-02,december,265,0
2025-12-02,december,117,0
2025-12-02,december,164,0
2025-12-02,december,166,0
2025-12-02,december,42,0
2025-12-02,december,79,0
2025-12-02,december,61,0
2025-12-02,december,263,0
2025-12-02,december,106,0
2025-12-02,december,88,0
2025-12-02,december,82,0
2025-12-02,december,192,0
2025-12-02,december,20,0
2025-12-02,december,89,0
2025-12-02,december,71,0
2025-12-02,december,84,0
2025-12-02,december,21,0
2025-12-02,december,141,0
2025-12-02,december,69,0
2025-12-02,december,166,0
2025-12-02,december,278,0
2025-12-02,december,61,0
2025-12-02,december,124,0
2025-12-02,december,62,0
2025-12-02,december,111,0
2025-12-02,december,203,0
2025-12-02,december,1,0
2025-12-02,december,132,0
2025-12-02,december,138,0
2025-12-02,december,119,0
2025-12-02,december,96,0
2025-12-02,december,107,0
2025-12-02,december,177,0
2025-12-02,december,234,0
2025-12-02,december,138,0
2025-12-02,december,51,0
2025-12-02,december,148,0
2025-12-02,december,160,0
2025-12-02,december,108,0
2025-12-02,december,174,0
2025-12-02,december,74,0
2025-12-02,december,77,0
2025-12-02,december,82,0
2025-12-02,december,220,0
2025-12-02,december,130,0
2025-12-02,december,162,0
2025-12-02,december,91,0
2025-12-02,december,350,0
2025-12-02,december,46,0
2025-12-02,december,124,0
2025-12-02,december,132,0
2025-12-02,december,183,0
2025-12-02,december,198,0
2025-12-02,december,152,0
2025-12-02,december,280,0
2025-12-02,december,62,0
2025-12-02,december,274,0
2025-12-02,december,36,0
2025-12-02,december,228,0
2025-12-02,december,3,0
2025-12-02,december,43,0
2025-12-02,december,150,0
2025-12-02,december,130,0
2025-12-02,december,127,0
2025-12-02,december,93,0
2025-12-02,december,23,0
2025-12-02,december,1,0
2025-12-02,december,55,0
2025-12-02,december,53,0
2025-12-02,december,124,0
2025-12-02,december,42,0
2025-12-02,december,79,0
2025-12-02,december,61,0
2025-12-02,december,136,0
2025-12-02,december,118,0
2025-12-02,december,114,0
2025-12-02,december,110,0
2025-12-02,december,185,0
2025-12-02,december,194,0
2025-12-02,december,92,0
2025-12-02,december,63,0
2025-12-02,december,40,0
2025-12-02,december,251,0
2025-12-02,december,204,0
2025-12-02,december,263,0
2025-12-02,december,25,0
2025-12-04,december,86,0
2025-12-04,december,146,0
2025-12-04,december,75,0
2025-12-04,december,38,0
2025-12-04,december,238,0
2025-12-04,december,68,0
2025-12-04,december,84,0
2025-12-04,december,68,0
2025-12-04,december,124,0
2025-12-04,december,52,0
2025-12-04,december,51,0
2025-12-04,december,46,0
2025-12-04,december,232,0
2025-12-04,december,53,0
2025-12-04,december,92,0
2025-12-04,december,78,0
2025-12-04,december,90,0
2025-12-04,december,76,0
2025-12-04,december,82,0
2025-12-04,december,157,0
2025-12-04,december,104,0
2025-12-04,december,50,0
2025-12-04,december,74,0
2025-12-04,december,51,0
2025-12-04,december,132,0
2025-12-04,december,86,0
2025-12-04,december,168,0
2025-12-04,december,308,0
2025-12-04,december,151,0
2025-12-04,december,86,0
2025-12-04,december,168,0
2025-12-04,december,38,0
2025-12-04,december,123,0
2025-12-04,december,261,0
2025-12-04,december,111,0
2025-12-04,december,143,0
2025-12-04,december,163,0
2025-12-04,december,45,0
2025-12-04,december,78,0
2025-12-04,december,64,0
2025-12-04,december,260,0
2025-12-04,december,86,0
2025-12-04,december,88,0
2025-12-04,december,85,0
2025-12-04,december,192,0
2025-12-04,december,19,0
2025-12-04,december,72,0
2025-12-04,december,75,0
2025-12-04,december,82,0
2025-12-04,december,16,0
2025-12-04,december,149,0
2025-12-04,december,71,0
2025-12-04,december,155,0
2025-12-04,december,271,0
2025-12-04,december,58,0
2025-12-04,december,109,0
2025-12-04,december,45,0
2025-12-04,december,112,0
2025-12-04,december,195,0
2025-12-04,december,175,0
2025-12-04,december,129,0
2025-12-04,december,141,0
2025-12-04,december,116,0
2025-12-04,december,92,0
2025-12-04,december,78,0
2025-12-04,december,171,0
2025-12-04,december,232,0
2025-12-04,december,119,0
2025-12-04,december,41,0
2025-12-04,december,147,0
2025-12-04,december,163,0
2025-12-04,december,97,0
2025-12-04,december,164,0
2025-12-04,december,70,0
2025-12-04,december,76,0
2025-12-04,december,80,0
2025-12-04,december,203,0
2025-12-04,december,103,0
2025-12-04,december,135,0
2025-12-04,december,87,0
2025-12-04,december,338,0
2025-12-04,december,41,0
2025-12-04,december,125,0
2025-12-04,december,118,0
2025-12-04,december,169,0
2025-12-04,december,194,0
2025-12-04,december,145,0
2025-12-04,december,273,0
2025-12-04,december,62,0
2025-12-04,december,271,0
2025-12-04,december,27,0
2025-12-04,december,226,0
2025-12-04,december,100,0
2025-12-04,december,40,0
2025-12-04,december,151,0
2025-12-04,december,126,0
2025-12-04,december,124,0
2025-12-04,december,92,0
2025-12-04,december,17,0
2025-12-04,december,22,0
2025-12-04,december,52,0
2025-12-04,december,47,0
2025-12-04,december,100,0
2025-12-04,december,44,0
2025-12-04,december,76,0
2025-12-04,december,57,0
2025-12-04,december,132,0
2025-12-04,december,116,0
2025-12-04,december,91,0
2025-12-04,december,109,0
2025-12-04,december,171,0
2025-12-04,december,186,0
2025-12-04,december,87,0
2025-12-04,december,62,0
2025-12-04,december,36,0
2025-12-04,december,241,0
2025-12-04,december,194,0
2025-12-04,december,266,0
2025-12-04,december,23,0
2025-12-05,december,104,0
2025-12-05,december,142,0
2025-12-05,december,79,0
2025-12-05,december,50,0
2025-12-05,december,238,0
2025-12-05,december,84,0
2025-12-05,december,83,0
2025-12-05,december,66,0
2025-12-05,december,127,0
2025-12-05,december,55,0
2025-12-05,december,51,0
2025-12-05,december,61,0
2025-12-05,december,238,0
2025-12-05,december,52,0
2025-12-05,december,93,0
2025-12-05,december,91,0
2025-12-05,december,90,0
2025-12-05,december,81,0
2025-12-05,december,82,0
2025-12-05,december,158,0
2025-12-05,december,109,0
2025-12-05,december,56,0
2025-12-05,december,69,0
2025-12-05,december,56,0
2025-12-05,december,131,0
2025-12-05,december,86,0
2025-12-05,december,179,0
2025-12-05,december,322,0
2025-12-05,december,150,0
2025-12-05,december,94,0
2025-12-05,december,151,0
2025-12-05,december,35,0
2025-12-05,december,119,0
2025-12-05,december,271,0
2025-12-05,december,120,0
2025-12-05,december,163,0
2025-12-05,december,163,0
2025-12-05,december,45,0
2025-12-05,december,81,0
2025-12-05,december,59,0
2025-12-05,december,258,0
2025-12-05,december,100,0
2025-12-05,december,84,0
2025-12-05,december,82,0
2025-12-05,december,191,0
2025-12-05,december,20,0
2025-12-05,december,89,0
2025-12-05,december,74,0
2025-12-05,december,83,0
2025-12-05,december,26,0
2025-12-05,december,145,0
2025-12-05,december,68,0
2025-12-05,december,171,0
2025-12-05,december,292,0
2025-12-05,december,60,0
2025-12-05,december,128,0
2025-12-05,december,58,0
2025-12-05,december,112,0
2025-12-05,december,196,0
2025-12-05,december,188,0
2025-12-05,december,130,0
2025-12-05,december,142,0
2025-12-05,december,117,0
2025-12-05,december,91,0
2025-12-05,december,106,0
2025-12-05,december,172,0
2025-12-05,december,227,0
2025-12-05,december,133,0
2025-12-05,december,47,0
2025-12-05,december,143,0
2025-12-05,december,164,0
2025-12-05,december,78,0
2025-12-05,december,179,0
2025-12-05,december,74,0
2025-12-05,december,71,0
2025-12-05,december,84,0
2025-12-05,december,215,0
2025-12-05,december,115,0
2025-12-05,december,152,0
2025-12-05,december,91,0
2025-12-05,december,351,0
2025-12-05,december,46,0
2025-12-05,december,123,0
2025-12-05,december,131,0
2025-12-05,december,181,0
2025-12-05,december,188,0
2025-12-05,december,150,0
2025-12-05,december,280,0
2025-12-05,december,67,0
2025-12-05,december,270,0
2025-12-05,december,35,0
2025-12-05,december,222,0
2025-12-05,december,104,0
2025-12-05,december,41,0
2025-12-05,december,151,0
2025-12-05,december,130,0
2025-12-05,december,127,0
2025-12-05,december,94,0
2025-12-05,december,18,0
2025-12-05,december,28,0
2025-12-05,december,57,0
2025-12-05,december,51,0
2025-12-05,december,113,0
2025-12-05,december,45,0
2025-12-05,december,88,0
2025-12-05,december,56,0
2025-12-05,december,144,0
2025-12-05,december,119,0
2025-12-05,december,118,0
2025-12-05,december,111,0
2025-12-05,december,195,0
2025-12-05,december,188,0
2025-12-05,december,100,0
2025-12-05,december,64,0
2025-12-05,december,42,0
2025-12-05,december,257,0
2025-12-05,december,207,0
2025-12-05,december,269,0
2025-12-05,december,20,0
2025-12-08,december,91,0
2025-12-08,december,140,0
2025-12-08,december,74,0
2025-12-08,december,36,0
2025-12-08,december,239,0
2025-12-08,december,66,0
2025-12-08,december,84,0
2025-12-08,december,69,0
2025-12-08,december,124,0
2025-12-08,december,55,0
2025-12-08,december,51,0
2025-12-08,december,48,0
2025-12-08,december,228,0
2025-12-08,december,55,0
2025-12-08,december,89,0
2025-12-08,december,82,0
2025-12-08,december,91,0
2025-12-08,december,75,0
2025-12-08,december,84,0
2025-12-08,december,162,0
2025-12-08,december,104,0
2025-12-08,december,53,0
2025-12-08,december,81,0
2025-12-08,december,45,0
2025-12-08,december,130,0
2025-12-08,december,91,0
2025-12-08,december,174,0
2025-12-08,december,301,0
2025-12-08,december,149,0
2025-12-08,december,84,0
2025-12-08,december,161,0
2025-12-08,december,38,0
2025-12-08,december,118,0
2025-12-08,december,275,0
2025-12-08,december,109,0
2025-12-08,december,137,0
2025-12-08,december,165,0
2025-12-08,december,42,0
2025-12-08,december,78,0
2025-12-08,december,58,0
2025-12-08,december,253,0
2025-12-08,december,83,0
2025-12-08,december,90,0
2025-12-08,december,85,0
2025-12-08,december,192,0
2025-12-08,december,19,0
2025-12-08,december,67,0
2025-12-08,december,75,0
2025-12-08,december,82,0
2025-12-08,december,22,0
2025-12-08,december,136,0
2025-12-08,december,69,0
2025-12-08,december,151,0
2025-12-08,december,270,0
2025-12-08,december,59,0
2025-12-08,december,108,0
2025-12-08,december,50,0
2025-12-08,december,110,0
2025-12-08,december,185,0
2025-12-08,december,176,0
2025-12-08,december,122,0
2025-12-08,december,139,0
2025-12-08,december,122,0
2025-12-08,december,92,0
2025-12-08,december,105,0
2025-12-08,december,168,0
2025-12-08,december,232,0
2025-12-08,december,116,0
2025-12-08,december,44,0
2025-12-08,december,142,0
2025-12-08,december,164,0
2025-12-08,december,99,0
2025-12-08,december,167,0
2025-12-08,december,71,0
2025-12-08,december,77,0
2025-12-08,december,83,0
2025-12-08,december,205,0
2025-12-08,december,101,0
2025-12-08,december,127,0
2025-12-08,december,78,0
2025-12-08,december,340,0
2025-12-08,december,42,0
2025-12-08,december,126,0
2025-12-08,december,117,0
2025-12-08,december,169,0
2025-12-08,december,189,0
2025-12-08,december,141,0
2025-12-08,december,278,0
2025-12-08,december,58,0
2025-12-08,december,273,0
2025-12-08,december,32,0
2025-12-08,december,225,0
2025-12-08,december,106,0
2025-12-08,december,42,0
2025-12-08,december,146,0
2025-12-08,december,128,0
2025-12-08,december,127,0
2025-12-08,december,92,0
2025-12-08,december,14,0
2025-12-08,december,23,0
2025-12-08,december,53,0
2025-12-08,december,51,0
2025-12-08,december,113,0
2025-12-08,december,45,0
2025-12-08,december,82,0
2025-12-08,december,60,0
2025-12-08,december,132,0
2025-12-08,december,118,0
2025-12-08,december,84,0
2025-12-08,december,109,0
2025-12-08,december,170,0
2025-12-08,december,173,0
2025-12-08,december,97,0
2025-12-08,december,62,0
2025-12-08,december,36,0
2025-12-08,december,244,0
2025-12-08,december,191,0
2025-12-08,december,268,0
2025-12-08,december,21,0
2025-12-09,december,102,0
2025-12-09,december,132,0
2025-12-09,december,80,0
2025-12-09,december,57,0
2025-12-09,december,242,0
2025-12-09,december,85,0
2025-12-09,december,91,0
2025-12-09,december,67,0
2025-12-09,december,125,0
2025-12-09,december,54,0
2025-12-09,december,51,0
2025-12-09,december,50,0
2025-12-09,december,233,0
2025-12-09,december,56,0
2025-12-09,december,95,0
2025-12-09,december,98,0
2025-12-09,december,97,0
2025-12-09,december,86,0
2025-12-09,december,82,0
2025-12-09,december,159,0
2025-12-09,december,109,0
2025-12-09,december,54,0
2025-12-09,december,81,0
2025-12-09,december,60,0
2025-12-09,december,135,0
2025-12-09,december,90,0
2025-12-09,december,177,0
2025-12-09,december,320,0
2025-12-09,december,153,0
2025-12-09,december,94,0
2025-12-09,december,165,0
2025-12-09,december,38,0
2025-12-09,december,121,0
2025-12-09,december,265,0
2025-12-09,december,117,0
2025-12-09,december,168,0
2025-12-09,december,166,0
2025-12-09,december,43,0
2025-12-09,december,80,0
2025-12-09,december,61,0
2025-12-09,december,261,0
2025-12-09,december,104,0
2025-12-09,december,89,0
2025-12-09,december,83,0
2025-12-09,december,191,0
2025-12-09,december,20,0
2025-12-09,december,91,0
2025-12-09,december,74,0
2025-12-09,december,82,0
2025-12-09,december,21,0
2025-12-09,december,139,0
2025-12-09,december,70,0
2025-12-09,december,164,0
2025-12-09,december,287,0
2025-12-09,december,61,0
2025-12-09,december,126,0
2025-12-09,december,60,0
2025-12-09,december,110,0
2025-12-09,december,201,0
2025-12-09,december,187,0
2025-12-09,december,127,0
2025-12-09,december,141,0
2025-12-09,december,120,0
2025-12-09,december,97,0
2025-12-09,december,108,0
2025-12-09,december,179,0
2025-12-09,december,232,0
2025-12-09,december,137,0
2025-12-09,december,52,0
2025-12-09,december,148,0
2025-12-09,december,160,0
2025-12-09,december,107,0
2025-12-09,december,176,0
2025-12-09,december,75,0
2025-12-09,december,77,0
2025-12-09,december,76,0
2025-12-09,december,220,0
2025-12-09,december,131,0
2025-12-09,december,162,0
2025-12-09,december,93,0
2025-12-09,december,355,0
2025-12-09,december,49,0
2025-12-09,december,130,0
2025-12-09,december,132,0
2025-12-09,december,184,0
2025-12-09,december,198,0
2025-12-09,december,153,0
2025-12-09,december,284,0
2025-12-09,december,61,0
2025-12-09,december,271,0
2025-12-09,december,37,0
2025-12-09,december,233,0
2025-12-09,december,109,0
2025-12-09,december,42,0
2025-12-09,december,148,0
2025-12-09,december,128,0
2025-12-09,december,123,0
2025-12-09,december,92,0
2025-12-09,december,22,0
2025-12-09,december,28,0
2025-12-09,december,54,0
2025-12-09,december,53,0
2025-12-09,december,123,0
2025-12-09,december,44,0
2025-12-09,december,79,0
2025-12-09,december,61,0
2025-12-09,december,141,0
2025-12-09,december,119,0
2025-12-09,december,112,0
2025-12-09,december,108,0
2025-12-09,december,181,0
2025-12-09,december,188,0
2025-12-09,december,95,0
2025-12-09,december,61,0
2025-12-09,december,41,0
2025-12-09,december,260,0
2025-12-09,december,208,0
2025-12-09,december,273,0
2025-12-09,december,25,0
2025-12-11,december,86,0
2025-12-11,december,146,0
2025-12-11,december,73,0
2025-12-11,december,42,0
2025-12-11,december,239,0
2025-12-11,december,66,0
2025-12-11,december,85,0
2025-12-11,december,69,0
2025-12-11,december,125,0
2025-12-11,december,51,0
2025-12-11,december,51,0
2025-12-11,december,48,0
2025-12-11,december,233,0
2025-12-11,december,56,0
2025-12-11,december,93,0
2025-12-11,december,83,0
2025-12-11,december,90,0
2025-12-11,december,76,0
2025-12-11,december,83,0
2025-12-11,december,156,0
2025-12-11,december,104,0
2025-12-11,december,52,0
2025-12-11,december,70,0
2025-12-11,december,53,0
2025-12-11,december,132,0
2025-12-11,december,90,0
2025-12-11,december,171,0
2025-12-11,december,304,0
2025-12-11,december,150,0
2025-12-11,december,89,0
2025-12-11,december,160,0
2025-12-11,december,37,0
2025-12-11,december,122,0
2025-12-11,december,263,0
2025-12-11,december,111,0
2025-12-11,december,144,0
2025-12-11,december,164,0
2025-12-11,december,43,0
2025-12-11,december,79,0
2025-12-11,december,62,0
2025-12-11,december,259,0
2025-12-11,december,84,0
2025-12-11,december,89,0
2025-12-11,december,85,0
2025-12-11,december,191,0
2025-12-11,december,19,0
2025-12-11,december,73,0
2025-12-11,december,77,0
2025-12-11,december,84,0
2025-12-11,december,19,0
2025-12-11,december,148,0
2025-12-11,december,69,0
2025-12-11,december,159,0
2025-12-11,december,276,0
2025-12-11,december,61,0
2025-12-11,december,104,0
2025-12-11,december,46,0
2025-12-11,december,112,0
2025-12-11,december,192,0
2025-12-11,december,179,0
2025-12-11,december,124,0
2025-12-11,december,140,0
2025-12-11,december,118,0
2025-12-11,december,90,0
2025-12-11,december,112,0
2025-12-11,december,171,0
2025-12-11,december,233,0
2025-12-11,december,114,0
2025-12-11,december,43,0
2025-12-11,december,145,0
2025-12-11,december,162,0
2025-12-11,december,98,0
2025-12-11,december,162,0
2025-12-11,december,74,0
2025-12-11,december,76,0
2025-12-11,december,77,0
2025-12-11,december,204,0
2025-12-11,december,107,0
2025-12-11,december,141,0
2025-12-11,december,81,0
2025-12-11,december,338,0
2025-12-11,december,42,0
2025-12-11,december,128,0
2025-12-11,december,114,0
2025-12-11,december,174,0
2025-12-11,december,195,0
2025-12-11,december,142,0
2025-12-11,december,273,0
2025-12-11,december,63,0
2025-12-11,december,274,0
2025-12-11,december,27,0
2025-12-11,december,222,0
2025-12-11,december,100,0
2025-12-11,december,43,0
2025-12-11,december,150,0
2025-12-11,december,134,0
2025-12-11,december,128,0
2025-12-11,december,92,0
2025-12-11,december,17,0
2025-12-11,december,22,0
2025-12-11,december,51,0
2025-12-11,december,46,0
2025-12-11,december,106,0
2025-12-11,december,44,0
2025-12-11,december,75,0
2025-12-11,december,58,0
2025-12-11,december,132,0
2025-12-11,december,118,0
2025-12-11,december,91,0
2025-12-11,december,106,0
2025-12-11,december,172,0
2025-12-11,december,187,0
2025-12-11,december,93,0
2025-12-11,december,56,0
2025-12-11,december,37,0
2025-12-11,december,239,0
2025-12-11,december,195,0
2025-12-11,december,271,0
2025-12-11,december,23,0
2025-12-12,december,101,0
2025-12-12,december,142,0
2025-12-12,december,81,0
2025-12-12,december,53,0
2025-12-12,december,238,0
2025-12-12,december,81,0
2025-12-12,december,85,0
2025-12-12,december,67,0
2025-12-12,december,126,0
2025-12-12,december,53,0
2025-12-12,december,51,0
2025-12-12,december,61,0
2025-12-12,december,236,0
2025-12-12,december,52,0
2025-12-12,december,96,0
2025-12-12,december,88,0
2025-12-12,december,94,0
2025-12-12,december,82,0
2025-12-12,december,80,0
2025-12-12,december,160,0
2025-12-12,december,108,0
2025-12-12,december,57,0
2025-12-12,december,78,0
2025-12-12,december,58,0
2025-12-12,december,130,0
2025-12-12,december,88,0
2025-12-12,december,180,0
2025-12-12,december,323,0
2025-12-12,december,148,0
2025-12-12,december,93,0
2025-12-12,december,162,0
2025-12-12,december,35,0
2025-12-12,december,118,0
2025-12-12,december,267,0
2025-12-12,december,117,0
2025-12-12,december,161,0
2025-12-12,december,166,0
2025-12-12,december,45,0
2025-12-12,december,78,0
2025-12-12,december,61,0
2025-12-12,december,260,0
2025-12-12,december,101,0
2025-12-12,december,87,0
2025-12-12,december,79,0
2025-12-12,december,190,0
2025-12-12,december,20,0
2025-12-12,december,89,0
2025-12-12,december,78,0
2025-12-12,december,84,0
2025-12-12,december,27,0
2025-12-12,december,147,0
2025-12-12,december,65,0
2025-12-12,december,162,0
2025-12-12,december,269,0
2025-12-12,december,58,0
2025-12-12,december,129,0
2025-12-12,december,55,0
2025-12-12,december,113,0
2025-12-12,december,193,0
2025-12-12,december,187,0
2025-12-12,december,127,0
2025-12-12,december,142,0
2025-12-12,december,119,0
2025-12-12,december,90,0
2025-12-12,december,109,0
2025-12-12,december,175,0
2025-12-12,december,228,0
2025-12-12,december,133,0
2025-12-12,december,46,0
2025-12-12,december,144,0
2025-12-12,december,167,0
2025-12-12,december,77,0
2025-12-12,december,178,0
2025-12-12,december,75,0
2025-12-12,december,72,0
2025-12-12,december,82,0
2025-12-12,december,215,0
2025-12-12,december,116,0
2025-12-12,december,152,0
2025-12-12,december,92,0
2025-12-12,december,344,0
2025-12-12,december,46,0
2025-12-12,december,127,0
2025-12-12,december,132,0
2025-12-12,december,186,0
2025-12-12,december,193,0
2025-12-12,december,149,0
2025-12-12,december,280,0
2025-12-12,december,67,0
2025-12-12,december,269,0
2025-12-12,december,36,0
2025-12-12,december,224,0
2025-12-12,december,103,0
2025-12-12,december,42,0
2025-12-12,december,151,0
2025-12-12,december,127,0
2025-12-12,december,122,0
2025-12-12,december,93,0
2025-12-12,december,18,0
2025-12-12,december,29,0
2025-12-12,december,56,0
2025-12-12,december,51,0
2025-12-12,december,113,0
2025-12-12,december,45,0
2025-12-12,december,85,0
2025-12-12,december,57,0
2025-12-12,december,143,0
2025-12-12,december,117,0
2025-12-12,december,118,0
2025-12-12,december,108,0
2025-12-12,december,192,0
2025-12-12,december,190,0
2025-12-12,december,104,0
2025-12-12,december,60,0
2025-12-12,december,42,0
2025-12-12,december,259,0
2025-12-12,december,212,0
2025-12-12,december,271,0
2025-12-12,december,20,0
2025-12-15,december,94,0
2025-12-15,december,137,0
2025-12-15,december,75,0
2025-12-15,december,37,0
2025-12-15,december,239,0
2025-12-15,december,68,0
2025-12-15,december,81,0
2025-12-15,december,70,0
2025-12-15,december,122,0
2025-12-15,december,56,0
2025-12-15,december,49,0
2025-12-15,december,48,0
2025-12-15,december,229,0
2025-12-15,december,53,0
2025-12-15,december,95,0
2025-12-15,december,83,0
2025-12-15,december,90,0
2025-12-15,december,75,0
2025-12-15,december,80,0
2025-12-15,december,160,0
2025-12-15,december,105,0
2025-12-15,december,51,0
2025-12-15,december,82,0
2025-12-15,december,47,0
2025-12-15,december,130,0
2025-12-15,december,91,0
2025-12-15,december,174,0
2025-12-15,december,299,0
2025-12-15,december,148,0
2025-12-15,december,85,0
2025-12-15,december,161,0
2025-12-15,december,38,0
2025-12-15,december,118,0
2025-12-15,december,274,0
2025-12-15,december,109,0
2025-12-15,december,141,0
2025-12-15,december,166,0
2025-12-15,december,43,0
2025-12-15,december,80,0
2025-12-15,december,59,0
2025-12-15,december,256,0
2025-12-15,december,84,0
2025-12-15,december,89,0
2025-12-15,december,83,0
2025-12-15,december,189,0
2025-12-15,december,19,0
2025-12-15,december,67,0
2025-12-15,december,75,0
2025-12-15,december,82,0
2025-12-15,december,23,0
2025-12-15,december,139,0
2025-12-15,december,68,0
2025-12-15,december,154,0
2025-12-15,december,274,0
2025-12-15,december,59,0
2025-12-15,december,107,0
2025-12-15,december,53,0
2025-12-15,december,110,0
2025-12-15,december,187,0
2025-12-15,december,172,0
2025-12-15,december,121,0
2025-12-15,december,141,0
2025-12-15,december,120,0
2025-12-15,december,92,0
2025-12-15,december,103,0
2025-12-15,december,169,0
2025-12-15,december,231,0
2025-12-15,december,121,0
2025-12-15,december,43,0
2025-12-15,december,139,0
2025-12-15,december,163,0
2025-12-15,december,101,0
2025-12-15,december,166,0
2025-12-15,december,69,0
2025-12-15,december,76,0
2025-12-15,december,84,0
2025-12-15,december,206,0
2025-12-15,december,100,0
2025-12-15,december,127,0
2025-12-15,december,82,0
2025-12-15,december,340,0
2025-12-15,december,44,0
2025-12-15,december,129,0
2025-12-15,december,115,0
2025-12-15,december,174,0
2025-12-15,december,187,0
2025-12-15,december,142,0
2025-12-15,december,277,0
2025-12-15,december,61,0
2025-12-15,december,279,0
2025-12-15,december,30,0
2025-12-15,december,224,0
2025-12-15,december,105,0
2025-12-15,december,42,0
2025-12-15,december,147,0
2025-12-15,december,128,0
2025-12-15,december,124,0
2025-12-15,december,92,0
2025-12-15,december,14,0
2025-12-15,december,24,0
2025-12-15,december,53,0
2025-12-15,december,53,0
2025-12-15,december,112,0
2025-12-15,december,46,0
2025-12-15,december,79,0
2025-12-15,december,61,0
2025-12-15,december,134,0
2025-12-15,december,120,0
2025-12-15,december,80,0
2025-12-15,december,109,0
2025-12-15,december,172,0
2025-12-15,december,178,0
2025-12-15,december,93,0
2025-12-15,december,58,0
2025-12-15,december,37,0
2025-12-15,december,243,0
2025-12-15,december,191,0
2025-12-15,december,266,0
2025-12-15,december,21,0
2025-12-16,december,100,0
2025-12-16,december,152,0
2025-12-16,december,80,0
2025-12-16,december,57,0
2025-12-16,december,240,0
2025-12-16,december,87,0
2025-12-16,december,91,0
2025-12-16,december,68,0
2025-12-16,december,108,0
2025-12-16,december,56,0
2025-12-16,december,49,0
2025-12-16,december,57,0
2025-12-16,december,233,0
2025-12-16,december,56,0
2025-12-16,december,100,0
2025-12-16,december,100,0
2025-12-16,december,97,0
2025-12-16,december,85,0
2025-12-16,december,81,0
2025-12-16,december,157,0
2025-12-16,december,110,0
2025-12-16,december,53,0
2025-12-16,december,82,0
2025-12-16,december,58,0
2025-12-16,december,132,0
2025-12-16,december,90,0
2025-12-16,december,178,0
2025-12-16,december,319,0
2025-12-16,december,150,0
2025-12-16,december,92,0
2025-12-16,december,164,0
2025-12-16,december,38,0
2025-12-16,december,114,0
2025-12-16,december,267,0
2025-12-16,december,119,0
2025-12-16,december,168,0
2025-12-16,december,165,0
2025-12-16,december,43,0
2025-12-16,december,82,0
2025-12-16,december,62,0
2025-12-16,december,262,0
2025-12-16,december,106,0
2025-12-16,december,89,0
2025-12-16,december,82,0
2025-12-16,december,189,0
2025-12-16,december,20,0
2025-12-16,december,93,0
2025-12-16,december,75,0
2025-12-16,december,83,0
2025-12-16,december,23,0
2025-12-16,december,144,0
2025-12-16,december,70,0
2025-12-16,december,163,0
2025-12-16,december,288,0
2025-12-16,december,62,0
2025-12-16,december,124,0
2025-12-16,december,60,0
2025-12-16,december,111,0
2025-12-16,december,205,0
2025-12-16,december,184,0
2025-12-16,december,125,0
2025-12-16,december,139,0
2025-12-16,december,120,0
2025-12-16,december,97,0
2025-12-16,december,109,0
2025-12-16,december,178,0
2025-12-16,december,232,0
2025-12-16,december,140,0
2025-12-16,december,55,0
2025-12-16,december,147,0
2025-12-16,december,161,0
2025-12-16,december,88,0
2025-12-16,december,178,0
2025-12-16,december,74,0
2025-12-16,december,76,0
2025-12-16,december,83,0
2025-12-16,december,216,0
2025-12-16,december,135,0
2025-12-16,december,160,0
2025-12-16,december,93,0
2025-12-16,december,351,0
2025-12-16,december,49,0
2025-12-16,december,128,0
2025-12-16,december,130,0
2025-12-16,december,191,0
2025-12-16,december,195,0
2025-12-16,december,150,0
2025-12-16,december,284,0
2025-12-16,december,62,0
2025-12-16,december,274,0
2025-12-16,december,37,0
2025-12-16,december,229,0
2025-12-16,december,108,0
2025-12-16,december,42,0
2025-12-16,december,151,0
2025-12-16,december,130,0
2025-12-16,december,120,0
2025-12-16,december,93,0
2025-12-16,december,22,0
2025-12-16,december,28,0
2025-12-16,december,54,0
2025-12-16,december,53,0
2025-12-16,december,121,0
2025-12-16,december,44,0
2025-12-16,december,81,0
2025-12-16,december,61,0
2025-12-16,december,141,0
2025-12-16,december,119,0
2025-12-16,december,116,0
2025-12-16,december,108,0
2025-12-16,december,198,0
2025-12-16,december,201,0
2025-12-16,december,92,0
2025-12-16,december,61,0
2025-12-16,december,41,0
2025-12-16,december,252,0
2025-12-16,december,204,0
2025-12-16,december,275,0
2025-12-16,december,25,0
2025-12-18,december,88,0
2025-12-18,december,148,0
2025-12-18,december,71,0
2025-12-18,december,48,0
2025-12-18,december,239,0
2025-12-18,december,65,0
2025-12-18,december,83,0
2025-12-18,december,69,0
2025-12-18,december,125,0
2025-12-18,december,51,0
2025-12-18,december,49,0
2025-12-18,december,47,0
2025-12-18,december,226,0
2025-12-18,december,55,0
2025-12-18,december,93,0
2025-12-18,december,82,0
2025-12-18,december,91,0
2025-12-18,december,74,0
2025-12-18,december,82,0
2025-12-18,december,154,0
2025-12-18,december,102,0
2025-12-18,december,51,0
2025-12-18,december,80,0
2025-12-18,december,54,0
2025-12-18,december,129,0
2025-12-18,december,90,0
2025-12-18,december,170,0
2025-12-18,december,309,0
2025-12-18,december,148,0
2025-12-18,december,87,0
2025-12-18,december,167,0
2025-12-18,december,37,0
2025-12-18,december,118,0
2025-12-18,december,266,0
2025-12-18,december,108,0
2025-12-18,december,148,0
2025-12-18,december,162,0
2025-12-18,december,44,0
2025-12-18,december,80,0
2025-12-18,december,64,0
2025-12-18,december,262,0
2025-12-18,december,86,0
2025-12-18,december,86,0
2025-12-18,december,85,0
2025-12-18,december,191,0
2025-12-18,december,19,0
2025-12-18,december,73,0
2025-12-18,december,78,0
2025-12-18,december,83,0
2025-12-18,december,20,0
2025-12-18,december,149,0
2025-12-18,december,70,0
2025-12-18,december,157,0
2025-12-18,december,276,0
2025-12-18,december,59,0
2025-12-18,december,104,0
2025-12-18,december,47,0
2025-12-18,december,113,0
2025-12-18,december,196,0
2025-12-18,december,174,0
2025-12-18,december,121,0
2025-12-18,december,139,0
2025-12-18,december,119,0
2025-12-18,december,91,0
2025-12-18,december,107,0
2025-12-18,december,171,0
2025-12-18,december,230,0
2025-12-18,december,112,0
2025-12-18,december,43,0
2025-12-18,december,146,0
2025-12-18,december,162,0
2025-12-18,december,98,0
2025-12-18,december,162,0
2025-12-18,december,69,0
2025-12-18,december,74,0
2025-12-18,december,77,0
2025-12-18,december,203,0
2025-12-18,december,105,0
2025-12-18,december,138,0
2025-12-18,december,82,0
2025-12-18,december,329,0
2025-12-18,december,43,0
2025-12-18,december,125,0
2025-12-18,december,118,0
2025-12-18,december,177,0
2025-12-18,december,189,0
2025-12-18,december,146,0
2025-12-18,december,278,0
2025-12-18,december,63,0
2025-12-18,december,273,0
2025-12-18,december,28,0
2025-12-18,december,227,0
2025-12-18,december,100,0
2025-12-18,december,41,0
2025-12-18,december,151,0
2025-12-18,december,131,0
2025-12-18,december,121,0
2025-12-18,december,92,0
2025-12-18,december,16,0
2025-12-18,december,24,0
2025-12-18,december,52,0
2025-12-18,december,49,0
2025-12-18,december,101,0
2025-12-18,december,45,0
2025-12-18,december,76,0
2025-12-18,december,57,0
2025-12-18,december,133,0
2025-12-18,december,116,0
2025-12-18,december,92,0
2025-12-18,december,106,0
2025-12-18,december,171,0
2025-12-18,december,192,0
2025-12-18,december,90,0
2025-12-18,december,58,0
2025-12-18,december,37,0
2025-12-18,december,240,0
2025-12-18,december,194,0
2025-12-18,december,272,0
2025-12-18,december,23,0
2025-12-19,december,99,0
2025-12-19,december,142,0
2025-12-19,december,79,0
2025-12-19,december,52,0
2025-12-19,december,235,0
2025-12-19,december,83,0
2025-12-19,december,84,0
2025-12-19,december,66,0
2025-12-19,december,126,0
2025-12-19,december,53,0
2025-12-19,december,48,0
2025-12-19,december,58,0
2025-12-19,december,233,0
2025-12-19,december,53,0
2025-12-19,december,93,0
2025-12-19,december,86,0
2025-12-19,december,92,0
2025-12-19,december,81,0
2025-12-19,december,79,0
2025-12-19,december,161,0
2025-12-19,december,107,0
2025-12-19,december,57,0
2025-12-19,december,80,0
2025-12-19,december,61,0
2025-12-19,december,129,0
2025-12-19,december,84,0
2025-12-19,december,182,0
2025-12-19,december,318,0
2025-12-19,december,146,0
2025-12-19,december,90,0
2025-12-19,december,162,0
2025-12-19,december,35,0
2025-12-19,december,120,0
2025-12-19,december,273,0
2025-12-19,december,120,0
2025-12-19,december,160,0
2025-12-19,december,152,0
2025-12-19,december,44,0
2025-12-19,december,79,0
2025-12-19,december,61,0
2025-12-19,december,258,0
2025-12-19,december,98,0
2025-12-19,december,88,0
2025-12-19,december,79,0
2025-12-19,december,188,0
2025-12-19,december,21,0
2025-12-19,december,92,0
2025-12-19,december,77,0
2025-12-19,december,82,0
2025-12-19,december,25,0
2025-12-19,december,147,0
2025-12-19,december,65,0
2025-12-19,december,168,0
2025-12-19,december,283,0
2025-12-19,december,55,0
2025-12-19,december,127,0
2025-12-19,december,56,0
2025-12-19,december,109,0
2025-12-19,december,194,0
2025-12-19,december,182,0
2025-12-19,december,127,0
2025-12-19,december,143,0
2025-12-19,december,120,0
2025-12-19,december,91,0
2025-12-19,december,103,0
2025-12-19,december,170,0
2025-12-19,december,225,0
2025-12-19,december,133,0
2025-12-19,december,48,0
2025-12-19,december,142,0
2025-12-19,december,163,0
2025-12-19,december,79,0
2025-12-19,december,178,0
2025-12-19,december,75,0
2025-12-19,december,70,0
2025-12-19,december,82,0
2025-12-19,december,212,0
2025-12-19,december,118,0
2025-12-19,december,151,0
2025-12-19,december,95,0
2025-12-19,december,341,0
2025-12-19,december,45,0
2025-12-19,december,123,0
2025-12-19,december,133,0
2025-12-19,december,187,0
2025-12-19,december,190,0
2025-12-19,december,148,0
2025-12-19,december,277,0
2025-12-19,december,66,0
2025-12-19,december,271,0
2025-12-19,december,38,0
2025-12-19,december,221,0
2025-12-19,december,102,0
2025-12-19,december,39,0
2025-12-19,december,153,0
2025-12-19,december,127,0
2025-12-19,december,122,0
2025-12-19,december,92,0
2025-12-19,december,17,0
2025-12-19,december,29,0
2025-12-19,december,56,0
2025-12-19,december,51,0
2025-12-19,december,117,0
2025-12-19,december,46,0
2025-12-19,december,87,0
2025-12-19,december,58,0
2025-12-19,december,145,0
2025-12-19,december,117,0
2025-12-19,december,119,0
2025-12-19,december,107,0
2025-12-19,december,194,0
2025-12-19,december,194,0
2025-12-19,december,103,0
2025-12-19,december,62,0
2025-12-19,december,42,0
2025-12-19,december,258,0
2025-12-19,december,203,0
2025-12-19,december,273,0
2025-12-19,december,20,0
